<?xml version="1.0" encoding="UTF-8"?>
<project-private xmlns="http://www.netbeans.org/ns/project-private/1">
    <editor-bookmarks xmlns="http://www.netbeans.org/ns/editor-bookmarks/2" lastBookmarkId="0"/>
    <open-files xmlns="http://www.netbeans.org/ns/projectui-open-files/2">
        <group>
            <file>file:/C:/Users/MyLaptop/Documents/NetBeansProjects/TGS1_C_12515/src/TGS1_C_12515/Makanan.java</file>
            <file>file:/C:/Users/MyLaptop/Documents/NetBeansProjects/TGS1_C_12515/src/TGS1_C_12515/TGS1_C_12515.java</file>
            <file>file:/C:/Users/MyLaptop/Documents/NetBeansProjects/TGS1_C_12515/src/TGS1_C_12515/Ujian.java</file>
            <file>file:/C:/Users/MyLaptop/Documents/NetBeansProjects/TGS1_C_12515/src/TGS1_C_12515/Bangunan.java</file>
            <file>file:/C:/Users/MyLaptop/Documents/NetBeansProjects/TGS1_C_12515/src/TGS1_C_12515/Penduduk.java</file>
        </group>
    </open-files>
</project-private>
